Time (s),Original Signal,Noisy Signal,Filtered Signal
0.0,0.0,0.0,0.0
0.001001001001001001,0.4233306560565345,0.727929681332455,0.0
0.002002002002002002,-0.7670541948555989,-0.16932657726255995,0.0
0.003003003003003003,0.9665335775580415,1.7619553118572269,0.0
0.004004004004004004,-0.9842568064333685,-0.013948385410832764,0.0
0.005005005005005005,0.8168910371929051,1.7933130163453517,0.0
0.006006006006006006,-0.4959093186843889,0.48284996320761764,0.0
0.007007007007007007,0.08167210186320413,0.8563974891237007,0.0
0.008008008008008008,0.3479235126942847,0.9713726225273258,0.0
0.009009009009009009,-0.7120922854310274,-0.4481712280619936,0.0
0.01001001001001001,0.942352461534319,0.9863088474903916,0.9863088474903916
0.011011011011011011,-0.9954037305340123,-1.3595038566816184,-1.4528844043053837
0.012012012012012012,0.8612698279392301,0.32692022864780634,0.3853887081736786
0.013013013013013013,-0.5651745667653901,-1.4377565154174836,-1.412333777773629
0.014014014014014014,0.16279851216508934,-0.7237616263015504,-0.5655092664951636
0.015015015015015015,0.27019172088378196,-0.8003178195543926,-0.6042418510943208
0.016016016016016016,-0.6523725365217923,-1.5266747659696351,-1.3237417393998685
0.017017017017017015,0.9118750243150381,0.026164443463604914,0.2974884558915963
0.018018018018018018,-0.9998998717667488,-1.4985958588121076,-1.3656577500451081
0.01901901901901902,0.8998940505233181,0.5074192664696987,0.6697578511210804
0.02002002002002002,-0.6306636050425555,-0.530590845038577,-0.5747745673346952
0.02102102102102102,0.24283718537857635,0.45971565322024643,0.35485916488904856
0.022022022022022022,0.19065464503307036,0.8870557625765311,0.62278815134067
0.023023023023023025,-0.5882939652008057,0.1173091496503873,-0.28568730359448935
0.024024024024024024,0.8753049006778142,1.940912277374026,1.504591796732734
0.025025025025025023,-0.9977151891962618,-0.11458344131062415,-0.6832004289577394
0.026026026026026026,0.9325056374797052,2.002422363728792,1.5299201947733876
0.02702702702702703,-0.6919388689775505,-0.013930769303172164,-0.5003736542772906
0.028028028028028028,0.32125334368413416,1.0324405483187835,0.7095088623405019
0.029029029029029027,0.10984371154251193,0.2750787287123848,0.11624936684912016
0.03003003003003003,-0.5202847119815787,-0.3900873425610588,-0.40307791990046943
0.031031031031031032,0.8328864336407743,0.3704581236123645,0.6531044638422536
0.03203203203203203,-0.9888642797634363,-1.4360959820637442,-1.0866498947210448
0.03303303303303303,0.9588866947246483,-0.009348456564996499,0.6326752752854456
0.03403403403403403,-0.7485909483349764,-1.5452516127759948,-0.9287199902394657
0.035035035035035036,0.39752305008390465,-0.7645312758585676,-0.0038733601467316747
0.036036036036036036,0.028298858083129052,-0.7526284912662912,-0.08869008891431118
0.037037037037037035,-0.44879918020047366,-1.4219324446183472,-0.8344713335424697
0.03803803803803804,0.7849030418864048,0.38226230781170895,0.8220533073962849
0.03903903903903904,-0.9734062807560032,-1.4505804822454391,-1.2628680808266657
0.04004004004004004,0.9788609574138606,1.1756772726577116,1.1699685397462751
0.04104104104104104,-0.8002413226540284,-0.6676026111212428,-0.955286470967068
0.04204204204204204,0.4711367090829982,1.2625305749715487,0.7474168855121651
0.043043043043043044,-0.0534350739930475,0.5661382118251375,-0.08746489557877068
0.044044044044044044,-0.37431499992402983,0.7825693189162364,-0.08861387513494012
0.04504504504504504,0.7316753261016876,1.5256245737464633,0.7621684911202029
0.04604604604604605,-0.951444474683177,0.2052822716862731,-0.6960310663045096
0.04704704704704705,0.9922949676548133,1.578026113277677,1.002304526470231
0.04804804804804805,-0.8465448903300579,-0.05227653233172358,-0.6282350540604025
0.04904904904904905,0.5416024715481842,0.6129349640249477,0.4488741313040051
0.050050050050050046,-0.1348119800065754,0.07667035415879275,0.05181283810300189
0.05105105105105105,-0.29732983666718266,-0.852956793635187,-0.5232598369860078
0.05205205205205205,0.6735589268868752,0.30819164726525716,0.8367437715468018
0.05305305305305305,-0.9231255991943179,-1.9815450347045354,-1.2352014572603114
0.05405405405405406,0.999098966204682,0.2867797033722457,1.144033783720357
0.055055055055055056,-0.8871922744085956,-2.134997360709077,-1.1960233568259255
0.056056056056056056,0.608449520994201,-0.08497807370400012,0.7308963017675265
0.057057057057057055,-0.21528814074506875,-1.269742143395996,-0.45569887086029215
0.058058058058058054,-0.21835806624466886,-0.5311479648959232,-0.1197333638928722
0.05905905905905906,0.610942148545421,0.055464090896859,0.44775208508839504
0.06006006006006006,-0.8886388666523555,-0.6016192402491934,-0.7869977277572693
0.06106106106106106,0.9992274921960806,1.0543088507380942,0.8821158887726466
0.062062062062062065,-0.9219118896852239,-0.04239882744527956,-0.7671149794143934
0.06306306306306306,0.671231219340878,1.2117464013792199,0.5556517076810702
0.06406406406406406,-0.29432585531927524,0.9466400437263561,-0.059696772556806166
0.06506506506506507,-0.13792733797266224,0.5741103299063,-0.2899261805850287
0.06606606606606606,0.544243364631588,1.7802799686155386,0.8279176200826553
0.06706706706706707,-0.848214699912809,-0.3471778579108571,-1.0429669675784121
0.06806806806806806,0.9926796868835255,1.8622412206568568,1.2619044710376892
0.06906906906906907,-0.9504717573001065,-0.9651380051596348,-1.150075113726345
0.07007007007007007,0.729528091122176,1.0142310743292655,0.938577056889282
0.07107107107107107,-0.3713970338075495,-1.0119960816299622,-0.5269839477580416
0.07207207207207207,-0.05657504918381425,-0.3484159267995735,0.08448133479709563
0.07307307307307308,0.4739082225904391,-0.6661540019305884,0.3664733521093614
0.07407407407407407,-0.8021231927550592,-1.4387189002272862,-0.7063682370461107
0.07507507507507508,0.9794992993811164,-0.34521553641609926,0.8714930638245707
0.07607607607607608,-0.9726810547031598,-1.5875179603401315,-0.8759809632170892
0.07707707707707707,0.7829506262084436,-0.343701858106791,0.6260433098252128
0.07807807807807808,-0.4459867256850717,-0.6781372021093308,-0.29698498041581933
0.07907907907907907,0.025155245389340747,-0.5992384885920089,-0.18310775604789475
0.08008008008008008,0.40040666616781173,0.7681104567990548,0.6141894730880538
0.08108108108108109,-0.7506723052527312,-0.7635019449994309,-0.9760860527512616
0.08208208208208208,0.9597743943531926,1.9175834465235502,1.1870258575089174
0.08308308308308308,-0.9883913906334706,-0.5170282681030507,-1.1898786379157769
0.08408408408408408,0.8311418823156689,2.14607471975577,1.0001193944153914
0.08508508508508508,-0.517596560461863,0.12270414476610714,-0.6617486601078879
0.08608608608608609,0.10671746537133914,1.411675926285857,0.19718722678786826
0.08708708708708708,0.3242297954843915,0.7510270231752655,0.24659993086076926
0.08808808808808809,-0.6942058061407396,0.24000552644080553,-0.6375348924366521
0.0890890890890891,0.9336367636108451,0.8437148611406138,0.8839522091044687
0.09009009009009009,-0.9974977965944978,-0.6504605020512864,-0.9164350215285362
0.09109109109109109,0.8737798699127282,0.15924074936803811,0.7806821656188397
0.0920920920920921,-0.5857480775418371,-0.8151883089015104,-0.4520138476487655
0.09309309309309309,0.18756665337580467,-1.0228263308748569,0.013549263276373402
0.0940940940940941,0.2458865857538566,-0.3263559441595263,0.4266160309829331
0.09509509509509509,-0.6331009759268278,-2.02314998497153,-0.8477033315610689
0.0960960960960961,0.9012610455459492,0.35338938770223094,1.0924384067219277
0.0970970970970971,-0.9999394282002938,-2.186970512486229,-1.178126787004645
0.0980980980980981,0.9105797035920298,0.747178014710769,1.0507667652952861
0.0990990990990991,-0.6499859230536346,-1.331247371529917,-0.7524014739942096
0.10010010010010009,0.26716261613450415,0.7033903887239532,0.3118276987276198
0.1011011011011011,0.1659004865687328,0.09742728632030823,0.12136157865857922
0.1021021021021021,-0.5677660860947256,0.4559139357254598,-0.5908235379665185
0.1031031031031031,0.862863558285943,1.277562206406949,0.8319710435439429
0.1041041041041041,-0.99569997170684,0.3805235718733233,-0.9964087980224601
0.10510510510510511,0.941295505529494,1.5225749988756716,0.8780522694260865
0.1061061061061061,-0.7098808922944081,0.6510909970653574,-0.6205197962937673
0.10710710710710711,0.3449735337945614,0.7104856560621742,0.21777517513863953
0.10810810810810811,0.08480592447548532,1.0705452794797303,0.24964364730196864
0.1091091091091091,-0.49863767124102165,-0.6506145848085929,-0.6744753449719727
0.11011011011011011,0.8187008543658492,1.2147505555236289,0.9916885201748644
0.1111111111111111,-0.9848077530122148,-1.7598405982300966,-1.134259978726326
0.11211211211211211,0.9657220483153441,0.7851647448307273,1.0885569253703096
0.11311311311311312,-0.7650327974578993,-2.032074359321896,-0.8117693272153779
0.11411411411411411,0.4204795132691742,-0.1011277990697762,0.46862732830150344
0.11511511511511512,0.0031447322077824396,-1.4383377957585555,0.054743255827720105
0.11611611611611611,-0.4261776123724787,-0.9210118566660939,-0.44048032903245493
0.11711711711711711,0.7690680065743486,-0.4642426178720108,0.8336669808248357
0.11811811811811812,-0.9673355483972889,-1.0761354366877818,-0.9880499272850494
0.11911911911911911,0.9836961261796004,0.25984744979816043,0.9787002173182484
0.12012012012012012,-0.815073141486263,-0.3246909990162432,-0.7665736091419506
0.12112112112112113,0.49317606189947394,0.3835119067871108,0.4007289391795268
0.12212212212212212,-0.07853747156561054,0.9964268739370651,0.06294662001346629
0.12312312312312312,-0.35087005085133455,0.021788830566375483,-0.4937670651752749
0.12412412412412413,0.7142966364270253,2.137021677190074,0.8807955908042908
0.12512512512512514,-0.9434000982715839,-0.40633769586414725,-1.0756052175308053
0.12612612612612611,0.9950976454502595,2.3971109859946336,1.0883986658708504
0.12712712712712712,-0.8596675801807392,-0.5404471830242173,-0.9159660478960103
0.12812812812812813,0.5625774582184258,1.5847096409361232,0.5504471420232173
0.12912912912912913,-0.15969492778753402,-0.3585376203518457,-0.1095870711571251
0.13013013013013014,-0.2732181536084827,0.1565593997155666,-0.34077733830272483
0.13113113113113112,0.6547526984397927,-0.16539001694488698,0.7607694328766672
0.13213213213213212,-0.9131613271729919,-1.0602646986560307,-0.9628042264107936
0.13313313313313313,0.9998504269583001,-0.3082718853325205,1.052952461965912
0.13413413413413414,-0.8985181561198563,-1.385067510825057,-0.8803487910143777
0.13513513513513514,0.6282199972956214,-0.8489623362786881,0.561700414657773
0.13613613613613612,-0.23978538349765283,-0.6973167354027936,-0.14045853035288625
0.13713713713713713,-0.19374075123692774,-1.457452032568933,-0.340172406890467
0.13813813813813813,0.5908340350059843,0.520735562060973,0.732792013083108
0.13913913913913914,-0.8768212752331701,-1.6272506801467022,-1.0065165435210657
0.14014014014014015,0.9979227150282456,1.5263902086686996,1.0925190665303703
0.14114114114114115,-0.931365289459861,-1.0660961147437118,-0.9796078046919237
0.14214214214214213,0.6896650889782329,1.799682397294422,0.6603644919984752
0.14314314314314314,-0.31827371489226874,0.02858694711464782,-0.28159284397641327
0.14414414414414414,-0.11296887142911642,1.3398790948608605,-0.2450050567679254
0.14514514514514515,0.522967718215793,1.0321786282840755,0.6044824163774403
0.14614614614614616,-0.8346227482478122,0.5919266476827892,-0.9594022830626711
0.14714714714714713,0.9893273896535008,1.2787549984015945,1.0463103339736866
0.14814814814814814,-0.9579895123154741,0.08392334226143416,-0.9815432576521942
0.14914914914914915,0.7465021883280166,0.5174319892967696,0.7090670463532169
0.15015015015015015,-0.39463550274944237,0.05216529136833942,-0.31326931903495553
0.15115115115115116,-0.0314421909191208,-0.8799190048722119,-0.16912692121028872
0.15215215215215216,0.4516071963768969,0.3211660188098114,0.574873706998642
0.15315315315315314,-0.7868476953716276,-2.119148721966835,-0.9355572033567132
0.15415415415415415,0.9741218804387505,0.5057482063141904,1.0652948827331883
0.15515515515515516,-0.9782129351332068,-2.4740853881054425,-1.0270119583189101
0.15615615615615616,0.7983515386744001,0.36114170473238255,0.8014425485371443
0.15715715715715717,-0.4683605363326504,-1.7453763049356914,-0.3925874801745963
0.15815815815815815,0.05029457036329605,0.0018089149481747072,-0.04605311275649684
0.15915915915915915,0.3772292643028367,-0.38261614440650044,0.5033269947754702
0.16016016016016016,-0.7338153252767393,-0.18446056889430273,-0.8653560618163525
0.16116116116116116,0.9524077828844573,0.8098334157604639,1.0362532629425134
0.16216216216216217,-0.9919004352588743,0.13586904513911247,-1.0473458554930941
0.16316316316316315,0.8448667089557752,1.1832098587464706,0.8393516009992736
0.16416416416416416,-0.5389562223601956,0.92662676309035,-0.4609892914572731
0.16516516516516516,0.13169528883559728,0.630399464028681,0.041720429300398654
0.16616616616616617,0.3003308776117776,1.7339620784604795,0.4528953243486986
0.16716716716716717,-0.6758799733627014,-0.39882741111827125,-0.797797843482333
0.16816816816816815,0.9243301795773423,1.968523480092303,1.0375647566097803
0.16916916916916916,-0.9989605597588259,-1.2407619274651716,-1.0628482837115238
0.17017017017017017,0.8857369083965126,1.3320292833179912,0.8955207741830709
0.17117117117117117,-0.6059508762635181,-1.4651890890103938,-0.5439156698164995
0.17217217217217218,0.21221608618246904,0.08087953667813605,0.13449022339009664
0.17317317317317318,0.2214258323215443,-1.1174164541560696,0.3784389065682501
0.17417417417417416,-0.6134287342666962,-1.0812134135274811,-0.7190957143541232
0.17517517517517517,0.8900766708219267,-0.6068026211271184,1.0245578397973532
0.17617617617617617,-0.9993461364619826,-1.4338585909221329,-1.0614011286135567
0.17717717717717718,0.9206890630528439,-0.3519234885518938,0.9388973223121304
0.1781781781781782,-0.6688968737443438,-0.7134391665475623,-0.6299613253564736
0.17917917917917917,0.29131896327549656,-0.4602284076950127,0.20189958651628837
0.18018018018018017,0.1410413319249736,0.6935665987382152,0.27456991717962503
0.18118118118118118,-0.5468788754936749,-0.6795866609967385,-0.6651900775540377
0.18218218218218218,0.8498761211906873,1.9776407919442685,0.9847265773042058
0.1831831831831832,-0.9930545891403681,-0.6455236553104144,-1.063742210132184
0.1841841841841842,0.9494896403548116,2.4100262570999664,0.976548341036829
0.18518518518518517,-0.7273736415730047,-0.22146935980786486,-0.7085837692670098
0.18618618618618618,0.36847539481018843,1.7914035431679176,0.269190548099298
0.1871871871871872,0.05971446488322103,0.3421091678951605,0.16401405576215985
0.1881881881881882,-0.4766750494464389,0.5520308226043276,-0.6185603805851729
0.1891891891891892,0.8039971303669494,0.5671975722782348,0.9282995111488928
0.19019019019019018,-0.98012795472218,-0.5520803333644527,-1.0672870110912354
0.19119119119119118,0.9719462094522292,0.11969295724900209,1.0153694189695106
0.1921921921921922,-0.7809904676459046,-0.9309216773550939,-0.7741049345315814
0.1931931931931932,0.44316986064410596,-0.8844657033601961,0.3580782341039228
0.1941941941941942,-0.022011383926203217,-0.5068725480493005,0.060677215855483246
0.19519519519519518,-0.40328632248400526,-1.8834418679302538,-0.5539961818186294
0.1961961961961962,0.7527462384979733,0.3032911627929547,0.8560314049944107
0.1971971971971972,-0.9606526024223294,-2.211170162483401,-1.0627492670816543
0.1981981981981982,0.9879087269401731,0.9296874510724352,1.0338788846438198
0.1991991991991992,-0.8293891115250639,-1.5550035021806798,-0.823741169837478
0.20020020020020018,0.5149032902407821,1.0529924589353574,0.4483064698715905
0.2012012012012012,-0.10359016383220197,-0.2088633923822124,-0.016278323621291474
0.2022022022022022,-0.3272030408578089,0.7829730725857531,-0.4756037359103198
0.2032032032032032,0.6964658780492514,1.0706848342402857,0.8004131225694772
0.2042042042042042,-0.9347586566671664,0.5031865400170945,-1.0568385876290916
0.20520520520520522,0.9972705393728294,1.5278139260675148,1.054452882906538
0.2062062062062062,-0.8722461980194633,0.5224934196648838,-0.8822425436239507
0.2072072072072072,0.5831963972062337,0.8883198901322822,0.5505345822189298
0.2082082082082082,-0.1844768068034425,0.8113360433873392,-0.09511339370703187
0.2092092092092092,-0.2489335544669426,-0.4633915002395254,-0.36197469637113505
0.21021021021021022,0.6355320858444261,1.028023593115807,0.7447547034292086
0.2112112112112112,-0.9026191276690583,-1.7305968250631518,-1.0153094880052826
0.2122122122122122,0.9999690958677474,0.8142313581016961,1.0589122150015438
0.2132132132132132,-0.9092753778138635,-2.2084745179352443,-0.9259655828764952
0.21421421421421422,0.6475928816373467,0.12853937275264937,0.6270867967186953
0.21521521521521522,-0.26413086931654467,-1.7104127464839742,-0.1677470317075409
0.21621621621621623,-0.16900082032180186,-0.6504269185435196,-0.25867178689356485
0.2172172172172172,0.570351990577957,-0.6410216376038729,0.7032747235287053
0.2182182182182182,-0.8644487554599,-0.9532979640847944,-0.9684618239630448
0.21921921921921922,0.9959863660391107,0.31323518275227824,1.0762689093460722
0.22022022022022023,-0.9402292407097339,-0.43344774577600764,-0.9765015329650573
0.22122122122122123,0.7076624788865316,0.646625528727968,0.7034320227334233
0.2222222222222222,-0.34202014332559627,0.7337801682531808,-0.26948857304737905
0.22322322322322322,-0.08793890841113992,0.32964087753204024,-0.15476839100398676
0.22422422422422422,0.5013610925876758,1.9000275810541467,0.6311287740858553
0.22522522522522523,-0.8205025751071348,-0.24876934737928325,-0.9024721445906362
0.22622622622622623,0.9853489604676116,2.3353333110379113,1.0731333577726638
0.2272272272272272,-0.9649009686947163,-0.6206108198869495,-1.0020481522239602
0.22822822822822822,0.7630038343714701,1.7094974276005028,0.756033052349246
0.22922922922922923,-0.4176242122063849,-0.5934097698665779,-0.3658945109577212
0.23023023023023023,-0.006289433316159908,0.33437414524510534,-0.0837901518120378
0.23123123123123124,0.4290203540623087,-0.3584601977940705,0.548938007115805
0.23223223223223222,-0.7710742126987857,-1.0087310778942824,-0.8617812338245701
0.23323323323323322,0.9681279529021433,-0.28653374995896563,1.0704794073501929
0.23423423423423423,-0.983125717795686,-1.552328904882545,-1.0369468154455328
0.23523523523523523,0.81324718522374,-0.5831991234863318,0.8244764978304531
0.23623623623623624,-0.49043792791642943,-1.019646101467235,-0.47537760375881977
0.23723723723723725,0.07540206458240992,-1.0810256174749282,0.002447047533495672
0.23823823823823823,0.353813119126439,0.21866280031807755,0.4335017449641139
0.23923923923923923,-0.7164939234828593,-1.340756998214337,-0.8076943577338751
0.24024024024024024,0.944438405380828,1.4043744732503802,1.0304692558081912
0.24124124124124124,-0.9947817194825853,-0.9961438385447315,-1.0460369743844455
0.24224224224224225,0.858056830855687,1.8840855884955472,0.8738376915607755
0.24324324324324323,-0.5599747861374987,-0.08378180103065991,-0.5493227109067578
0.24424424424424424,0.1565897641284406,1.5007389965249842,0.08131241883423357
0.24524524524524524,0.27624188437908087,0.9042385383415099,0.3414813055204734
0.24624624624624625,-0.6571263852691951,0.6330414573590359,-0.7673731952928831
0.24724724724724725,0.9144385994451699,1.3127999257265688,0.9968094034908381
0.24824824824824826,-0.9997910942639259,-0.11748131361379921,-1.0725192169226403
0.24924924924924924,0.8971333759422576,0.7747619291909504,0.9355035411421351
0.2502502502502503,-0.6257701768517933,-0.3515891148444512,-0.6326877691952825
0.25125125125125125,0.23673121029166225,-0.4956748934877272,0.19300281942016573
0.25225225225225223,0.1968249414678364,-0.1071915470968452,0.24037639191522125
0.25325325325325326,-0.5933682618376379,-1.789090540272934,-0.6885449205132961
0.25425425425425424,0.87832897858278,0.2447450917871219,0.9389415275282418
0.2552552552552553,-0.9981203720381479,-2.3305224218656213,-1.0696702899300932
0.25625625625625625,0.9302157308285942,0.33919431203706607,0.9652442653347516
0.25725725725725723,-0.6873844886290064,-1.7748709727318341,-0.6881531350696122
0.25825825825825827,0.31529093857547286,0.11999918812067051,0.2877288908173046
0.25925925925925924,0.1160929141252631,-0.43591676146056235,0.17386736613872356
0.2602602602602603,-0.5256455526313505,-0.12620740784601037,-0.6103414983613393
0.26126126126126126,0.8363508089657964,0.9081903693132086,0.9115429451845752
0.26226226226226224,-0.9897807157238052,-0.026982181780312864,-1.0733781903077406
0.26326326326326327,0.957082855998259,1.5051783801717815,1.0123065393856503
0.26426426426426425,-0.7444060458883905,0.531975672999444,-0.7665733091873967
0.2652652652652653,0.3917440527203565,1.0890641124751819,0.40002663451751097
0.26626626626626626,0.03458521281186357,1.2519141200001056,0.07931995905696332
0.26726726726726724,-0.4544107464450216,0.010862806956630555,-0.4984269435294234
0.2682682682682683,0.7887845674326622,1.5941345542794916,0.8567345389179
0.26926926926926925,-0.9748278466745458,-1.0311561248459937,-1.036351852096953
0.2702702702702703,0.9775552389476748,1.1727367075409452,1.0236052191960203
0.27127127127127126,-0.7964538595048953,-1.4613694112729834,-0.817506087240113
0.27227227227227224,0.4655797317938056,0.08294871567001993,0.46808198185916605
0.2732732732732733,-0.04715356935224627,-1.171743486864423,-0.0005199440492833496
0.27427427427427425,-0.38013979812365345,-1.0901025841892373,-0.4228909969159269
0.2752752752752753,0.7359480674841462,-0.520457199205118,0.8200027999652016
0.27627627627627627,-0.953361672377449,-1.6179482714536533,-1.0206809403196049
0.2772772772772773,0.9914960935973909,-0.015356411858955532,1.0598925664887067
0.2782782782782783,-0.8431801723861854,-1.1101288032847292,-0.8908231910007287
0.27927927927927926,0.5363046432373227,0.06796576269286514,0.5597987472354087
0.2802802802802803,-0.12857729528179662,0.19908019427372975,-0.1190304191290189
0.28128128128128127,-0.30332894847469766,-0.14715325029585222,-0.3226644087247787
0.2822822822822823,0.678194335814639,1.5667178825675072,0.7360546681178235
0.2832832832832833,-0.9255256189217076,-0.29467416128846624,-0.9686113588194786
0.28428428428428426,0.9988122742272653,2.1966334837445367,1.0549016414663341
0.2852852852852853,-0.8842727830087925,-0.10704792219812442,-0.9196944564184005
0.2862862862862863,0.6034462390633593,1.737413547484907,0.6145874323903586
0.2872872872872873,-0.20914193293759462,0.3333645489257949,-0.202490086662656
0.2882882882882883,-0.22449140863765807,0.49366414343759957,-0.26277941218102063
0.28928928928928926,0.6159092535672502,0.6356919246466954,0.6727051180594215
0.2902902902902903,-0.8915056726982739,-0.7852589440100726,-0.9560909415280467
0.2912912912912913,0.9994548978290724,0.4118446155818586,1.0716647775927566
0.2922922922922923,-0.9194571313902127,-1.3903360727748488,-0.9805444337900058
0.2932932932932933,0.6665559131822996,-0.37734936440365097,0.7051262612291112
0.29429429429429427,-0.28830919027212704,-1.0839889979314177,-0.3177232896113984
0.2952952952952953,-0.14415393106794566,-1.3152889282005022,-0.1579899121078452
0.2962962962962963,0.5495089780708919,-0.1976970571465103,0.5658205599443449
0.2972972972972973,-0.8515291377333065,-1.768771340357079,-0.8967346798619864
0.2982982982982983,0.9934196707178229,0.6460330681761404,1.0368790799867753
0.29929929929929927,-0.9484981335597609,-1.3245016690923768,-0.9898615906488524
0.3003003003003003,0.7252119987603997,0.9725762448914055,0.7512485617198581
0.3013013013013013,-0.3655501118251146,-0.11669198007498044,-0.37595955249440655
0.3023023023023023,-0.06285329004448234,0.7431555449214523,-0.08659634122095272
0.3033033033033033,0.47943716228891153,1.201075548581573,0.5117076618316092
0.30430430430430433,-0.8058631169576715,0.3054435944585727,-0.8709061047731088
0.3053053053053053,0.9807469172200408,1.8456023925478815,1.0445161119170163
0.3063063063063063,-0.9712017522703473,0.0717532802183416,-1.0404644010129716
0.3073073073073073,0.779022585583485,1.4061949412290835,0.8385554519613106
0.3083083083083083,-0.4403486129345068,0.18328176901597693,-0.48048129696490793
0.30930930930930933,0.018867304784453507,0.12190974121067606,0.03709353509143083
0.3103103103103103,0.40616199055448654,0.4164735425587866,0.40714829565041494
0.3113113113113113,-0.7548127275608848,-1.258252249434794,-0.7831301309530977
0.3123123123123123,0.9615213102471307,0.39572542017538737,0.9932347757384815
0.3133133133133133,-0.9874162934567676,-1.9440631784308482,-1.0302129163968403
0.31431431431431434,0.8276281386027182,-0.06011390117979276,0.8606944141253755
0.3153153153153153,-0.5122049279530929,-1.591802983564263,-0.5287107118032761
0.3163163163163163,0.10046183785202821,-0.7353975267541798,0.10017509009006886
0.3173173173173173,0.3301730504008638,-0.49151654883410306,0.35893173875664924
0.3183183183183183,-0.6987190623524706,-1.132277952181184,-0.7459310202621476
0.31931931931931934,0.9358713055538235,0.6578075749535874,0.9996267315072053
0.3203203203203203,-0.9970334197786875,-0.8354028197371581,-1.068652601739383
0.3213213213213213,0.8707039001650538,1.217505786934372,0.9398022962058405
0.32232232232232233,-0.5806389494285745,0.13771204567001794,-0.6351393884061871
0.3233233233233233,0.1813851358725,0.9987327731684668,0.22253689525463638
0.32432432432432434,0.2519780613851657,1.2719362625706794,0.24155704949722057
0.3253253253253253,-0.6379569107531455,0.3191237764381841,-0.641324765764865
0.3263263263263263,0.9039682834620841,1.851402629720828,0.9316007499313964
0.32732732732732733,-0.9999888744757143,-0.28387035317921383,-1.0326087161612176
0.3283283283283283,0.9079620598795255,1.4328999371435245,0.9423642054137992
0.32932932932932935,-0.6451934359386543,-0.4549154493404485,-0.6685189713058127
0.3303303303303303,0.26109651041203696,0.17165577562156914,0.26726805898353734
0.3313313313313313,0.17209948276433523,-0.24349616018255543,0.1902455088883695
0.33233233233233234,-0.5729322546420665,-1.2371120922732863,-0.6122004359545062
0.3333333333333333,0.866025403784468,-1.270095140171179e-13,0.9270514858949944
0.33433433433433435,-0.9962629106985597,-1.9791928819447993,-1.0678924124934766
0.3353353353353353,0.9391536776197462,-0.04586862574342765,1.0140737206736503
0.3363363363363363,-0.7054370671458269,-1.6327478233600314,-0.7729175423806365
0.33733733733733734,0.3390633704946128,-0.3843752249117364,0.39006886616538944
0.3383383383383383,0.09107102268670875,-0.4311434332303502,0.06136843718223467
0.33933933933933935,-0.5040795557913852,-0.6818577426112508,-0.49752116865835344
0.34034034034034033,0.8222961815988504,0.8960179001569524,0.8359967329216613
0.34134134134134136,-0.9858804234473891,-0.5391457492154699,-1.0124908405929314
0.34234234234234234,0.9640703468161306,1.5928986039193005,0.9955093553352603
0.3433433433433433,-0.7609673256616172,0.15372728016956072,-0.7845968195156131
0.34434434434434436,0.41476478110533466,1.3418306566030718,0.42550655878208377
0.34534534534534533,0.009434072225978146,1.0600388654302504,0.02339036938409378
0.34634634634634637,-0.4318588530132699,0.418847409112495,-0.4664339371705362
0.34734734734734735,0.7730727933887718,1.5791121345083488,0.8314649428340187
0.3483483483483483,-0.9689107832361711,-0.5435221305140763,-1.0411396997437403
0.34934934934934936,0.9825455869226112,1.2607204498561926,1.0608416645613266
0.35035035035035034,-0.8114131864628127,-1.0011043618989501,-0.8849496564033623
0.35135135135135137,0.48769494381365286,0.16029410573069297,0.5489482183666778
0.35235235235235235,-0.07226591192049267,-0.8349706743862514,-0.10914343708159979
0.3533533533533533,-0.35675268841432184,-1.1321223533287017,-0.33752700401813773
0.35435435435435436,0.7186841248686067,-0.3592276452462957,0.7274512862481246
0.35535535535535534,-0.9454673725938961,-1.8362094448935262,-0.9644191183458933
0.3563563563563564,0.9944559557552788,-0.0237678182092651,1.022645568424906
0.35735735735735735,-0.8564375958932922,-1.4822654232068682,-0.8803249119292423
0.35835835835835833,0.5573665762615543,-0.05264683361982003,0.5664915993238587
0.35935935935935936,-0.15348305189622213,-0.2319716444317289,-0.14211737353233816
0.36036036036036034,-0.27926288329293536,-0.2922830425562314,-0.31225069653361076
0.3613613613613614,0.6594935735358943,1.2048066098473906,0.7196207540564833
0.36236236236236236,-0.9157068285002147,-0.3749227155792635,-0.9862455873445232
0.36336336336336333,0.9997218742703861,2.0100572160817727,1.0819166291666618
0.36436436436436437,-0.8957397236852539,-0.05976636409904945,-0.9742981301122231
0.36536536536536535,0.6233141679381236,1.765398756989399,0.6841432232929738
0.3663663663663664,-0.2336746959642454,0.5224386720463571,-0.2817193109842001
0.36736736736736736,-0.19990718522492495,0.6936863515468341,-0.18390833082124525
0.3683683683683684,0.5958966206339066,0.9242196508082172,0.5969757776297305
0.36936936936936937,-0.8798279958164356,-0.516433156977767,-0.8986517543762532
0.37037037037037035,0.9983081582712757,0.7112051724834727,1.0263573605690013
0.3713713713713714,-0.9290569729543566,-1.1712461597351933,-0.952014115555278
0.37237237237237236,0.6850970904836845,-0.1729416101530169,0.6926178083224217
0.3733733733733734,-0.31230504423147004,-1.0003135448458438,-0.306457206323524
0.3743743743743744,-0.11921580873619553,-1.2885773581076276,-0.1619482376424619
0.37537537537537535,0.5283181887461685,-0.27176162089672284,0.5798923852665087
0.3763763763763764,-0.8380705987052407,-1.943350409959539,-0.9179717001216599
0.37737737737737737,0.9902242534912182,0.4580520894563195,1.0709274290042508
0.3783783783783784,-0.9561667347392422,-1.649812302674929,-1.0348153961210174
0.3793793793793794,0.7423025417455119,0.7588015471430856,0.8062246596395197
0.38038038038038036,-0.3888487285913565,-0.4841430968862388,-0.4346609522343139
0.3813813813813814,-0.037727892678866275,0.6015131258187046,-0.027600161899455355
0.38238238238238237,0.4572098026791124,0.9147184311919068,0.4538176645468468
0.3833833833833834,-0.7907136389150482,0.3102716042200482,-0.8246231055930924
0.3843843843843844,0.9755241724818478,1.7254831917518174,0.9992764534046102
0.38538538538538536,-0.976887875361459,0.2513601660633257,-1.0071038492776623
0.3863863863863864,0.7945483039124164,1.461469485544932,0.8077015723188394
0.38738738738738737,-0.4627943229671567,0.5127284750411218,-0.4496604576416745
0.3883883883883884,0.044012102022333015,0.28100457939763124,0.0092258180800322
0.3893893893893894,0.3830465726033194,0.8257409955318594,0.44232734359092774
0.39039039039039036,-0.7380735316323744,-1.1165135199872127,-0.8195772296223972
0.3913913913913914,0.954306133728799,0.7911178336628968,1.0346326831823687
0.3923923923923924,-0.9910819466690122,-1.938043958205078,-1.071330205917143
0.3933933933933934,0.8414852973000801,0.23433271824101332,0.908043794063172
0.3943943943943944,-0.5336477604020715,-1.7877251820152478,-0.5621540038285484
0.39539539539539537,0.12545803018012186,-0.5907701142982629,0.14745019901562328
0.3963963963963964,0.30632401960684413,-0.8789718730444553,0.3337131786195433
0.3973973973973974,-0.6805019913553838,-1.126147039430303,-0.7072785876109904
0.3983983983983984,0.9267119054053103,0.156763945218388,0.9710042812942014
0.3993993993993994,-0.998654111076447,-0.8946225658491966,-1.034795866003799
0.40040040040040037,0.8827999127245861,0.7128409254021164,0.9018063573046675
0.4014014014014014,-0.6009356341631553,0.12445152140471749,-0.5898205791267267
0.4024024024024024,0.2060657114116191,0.5881873637638133,0.179178221124353
0.4034034034034034,0.22755476487604662,1.4110904072425277,0.30251371524445814
0.4044044044044044,-0.6183836819162774,0.053735907584898546,-0.6867390636848076
0.40540540540540543,0.8929258581495536,2.19893629205627,0.9886321323727831
0.4064064064064064,-0.9995537752217664,-0.41335153468179753,-1.0762145682004938
0.4074074074074074,0.9182161068801955,1.9669835532963849,0.9770531686649844
0.4084084084084084,-0.6642083608055495,-0.5097641600434537,-0.6973210220177418
0.4094094094094094,0.28529656607385623,0.7983365655118273,0.28625222263000183
0.41041041041041043,0.14726510462023032,-0.31341637106453013,0.1843450292756877
0.4114114114114114,-0.5521336463530522,-0.6455383907450161,-0.5902363056973388
0.4124124124124124,0.8531737331934418,-0.1733079233427698,0.924145415413636
0.4134134134134134,-0.9937749280054222,-1.5295553613463615,-1.0347640801456504
0.4144144144144144,0.9474972467203986,-0.38159790556403306,0.9807452693602206
0.41541541541541543,-0.7230431840615191,-1.365179746482755,-0.7272442818276506
0.4164164164164164,0.36262121378157236,-0.8927164474604126,0.3219301345399037
0.4174174174174174,0.06599149362683704,-0.3031743624182187,0.12232556613429774
0.4184184184184184,-0.4821945338021399,-1.3182116456828326,-0.5693056990876161
0.4194194194194194,0.807721134073937,0.9889419975813367,0.9005095216498091
0.42042042042042044,-0.9813561807535804,-1.2154985549688142,-1.0609446156601219
0.4214214214214214,0.9704476905197976,1.7713433093491384,1.03039825398771
0.4224224224224224,-0.7770469994822176,-0.4595849334480529,-0.8107010067727283
0.42342342342342343,0.43752301045690345,1.6926871588995913,0.41284063400940463
0.4244244244244244,-0.015723039056924504,0.5895372111202803,0.008483606068947713
0.42542542542542544,-0.4090336419407502,0.9635502219139532,-0.4957723493714853
0.4264264264264264,0.7568717520050704,1.273598794263929,0.8187204590843802
0.4274274274274274,-0.9623805092366976,0.14819453926441362,-1.0378834806986874
0.42842842842842843,0.98691409505314,1.07032708382068,1.0299232437119672
0.4294294294294294,-0.825858980963408,-0.25414346211980876,-0.8375146755812402
0.43043043043043044,0.5095015002837632,-0.0216279250936251,0.4761663583683389
0.4314314314314314,-0.0973325183682867,-0.13284983018562752,-0.04524366162700498
0.43243243243243246,-0.33313979474196725,-1.4270772289029858,-0.4384239897149227
0.43343343343343343,0.7009653367676115,0.2244326063281803,0.7820917162687198
0.4344344344344344,-0.9369746992674853,-2.3287680764438585,-1.0384585284008958
0.43543543543543545,0.9967864401570324,0.4163797291410324,1.0570309811212102
0.4364364364364364,-0.86915299160193,-2.181976532606922,-0.8925863322574459
0.43743743743743746,0.5780757595003485,0.27277948173352534,0.5688932106257105
0.43843843843843844,-0.17829167115783537,-1.067603784723646,-0.11972995603740733
0.4394394394394394,-0.25502007640034047,-0.009473871002275924,-0.3408598061085206
0.44044044044044045,0.6403754266731386,0.3550303194808383,0.7266622007200183
0.44144144144144143,-0.9053084995826115,-0.04202092025909954,-1.004563898067183
0.44244244244244246,0.9999987638285973,1.2659857720227015,1.0554849210794433
0.44344344344344344,-0.9066397627768731,0.4067950639173262,-0.9305509429696924
0.4444444444444444,0.6427876096864212,1.1945826608064425,0.6327821268028041
0.44544544544544545,-0.25805956942880925,1.1675166341449288,-0.18122311921852252
0.44644644644644643,-0.1751964432520245,0.2856692625289495,-0.2519225648141739
0.44744744744744747,0.5755068527699277,1.7341049755466695,0.6911264930343621
0.44844844844844844,-0.8675934876676817,-0.8413693428394124,-0.9630678541026509
0.4494494494494494,0.9965296029503409,1.6129485190404826,1.0687950424272508
0.45045045045045046,-0.9380688268961085,-1.5255730878958267,-0.9697686438454571
0.45145145145145144,0.7032046790806458,0.7114227541170011,0.696207277317483
0.45245245245245247,-0.3361032445422708,-1.4831996453644907,-0.259223145491674
0.45345345345345345,-0.09420223632768344,-0.525820769545131,-0.1652885254333999
0.4544544544544544,0.5067930339684217,-0.9331936154059868,0.6418833719018131
0.45545545545545546,-0.8240816561033991,-1.3572817082406488,-0.9120208611027336
0.45645645645645644,0.9864021366957436,-0.36921424014444515,1.0772033111770867
0.4574574574574575,-0.9632301908938952,-1.219379582850197,-1.0015188314808694
0.45845845845845845,0.7589232914679713,-0.16882153011452838,0.749131659871609
0.45945945945945943,-0.41190124824393004,-0.11695755491763815,-0.3521022140504174
0.46046046046046046,-0.012578617838925362,-0.33410733150080124,-0.09688705527198194
0.46146146146146144,0.4346930811544609,1.3452422701320637,0.565121654039909
0.4624624624624625,-0.7750637288795768,-0.5453790799752141,-0.868194926671184
0.46346346346346345,0.9696840316577062,2.3260686928189056,1.0696805308699382
0.46446446446446443,-0.9819557392974704,-0.4682945185404207,-1.0235523980501935
0.46546546546546547,0.809571163340697,2.2726471763543437,0.7967613939391112
0.46646646646646645,-0.48494713671731665,-0.06444329168205487,-0.4395245058612576
0.4674674674674675,0.06912904459470093,1.2601065172103754,-0.04043967062375464
0.46846846846846846,0.35968872964472176,0.3443996852424522,0.4764900453207601
0.4694694694694695,-0.7208672189246458,-0.07552338499365974,-0.8403389803392419
0.47047047047047047,0.9464869897348447,0.31846122999116155,1.0524508664252477
0.47147147147147145,-0.9941203574899293,-0.9580719097669435,-1.04909827063954
0.4724724724724725,0.8548098913069366,-0.329422234239666,0.8558970181492063
0.47347347347347346,-0.554752854384038,-0.9574897371745907,-0.5228968778791196
0.4744744744744745,0.1503748218139532,-1.3216281910169365,0.03605285404941738
0.4754754754754755,0.28228112047406656,-0.21988001891137704,0.37685521969583385
0.47647647647647645,-0.6618542398300288,-2.043953539201978,-0.801058737107434
0.4774774774774775,0.9169660017960544,0.6936513358388734,1.009065398850879
0.47847847847847846,-0.999642767662224,-1.9493967547513882,-1.0622964974614018
0.4794794794794795,0.8943372131309796,1.2222167913426727,0.9005637446915099
0.4804804804804805,-0.6208519948432478,-0.9620400319271649,-0.5792663007192651
0.48148148148148145,0.23061587074233297,1.1718189274488309,0.11906346897936215
0.4824824824824825,0.20298745202675975,0.41299106275957786,0.30635599899399457
0.48348348348348347,-0.5984190863910182,0.7841741437313687,-0.7568300816206452
0.4844844844844845,0.881318312109808,1.373568712336208,0.9784856890949063
0.4854854854854855,-0.998486071870529,0.4852343180476123,-1.0850057770295285
0.48648648648648646,0.9278890272964223,1.3248646678165952,0.9528571247582527
0.4874874874874875,-0.6828029171631003,0.5236052697014764,-0.6443272031263028
0.48848848848848847,0.3093160613886435,0.2694656853227884,0.22913371475660987
0.4894894894894895,0.12233752437858152,0.7795812748912845,0.2363571980093615
0.4904904904904905,-0.5309856001293317,-1.1824618350450709,-0.671830842982955
0.49149149149149146,0.8397821004586098,0.8865681241602165,0.9407639475931445
0.4924924924924925,-0.990657998569434,-2.194843964012615,-1.080811718153549
0.4934934934934935,0.9552411575982476,0.5642246727954043,0.9811955496604425
0.4944944944944945,-0.7401916967019294,-2.2269350456969343,-0.6989721154025763
0.4954954954954955,0.3859495589952028,-0.10240968484264429,0.31919001270963226
0.4964964964964965,0.04087019944073631,-1.350362922172068,0.18138596184372613
0.4974974974974975,-0.4600043373987356,-0.6678058791500574,-0.5854815627387037
0.4984984984984985,0.7926348907418408,-0.16172579158641964,0.9251735915952741
0.4994994994994995,-0.9762108509744608,-0.6328061778651466,-1.0725926846218696
0.5005005005005005,0.9762108509744226,0.6328061778651373,1.020516097105773
0.5015015015015015,-0.7926348907417332,0.16172579158653244,-0.7719968914287616
0.5025025025025025,0.460004337398579,0.6678058791498961,0.40873433769289913
0.5035035035035035,-0.040870199440560084,1.3503629221722535,0.09514142512222001
0.5045045045045045,-0.3859495589955752,0.10240968484223767,-0.48857494967081894
0.5055055055055055,0.7401916967018951,2.226935045696913,0.887429952598954
0.5065065065065065,-0.9552411575982998,-0.5642246727954731,-1.038101866822641
0.5075075075075075,0.9906579985694101,2.1948439640126076,1.0414313452835788
0.5085085085085085,-0.839782100458514,-0.8865681241601538,-0.8293684093919625
0.5095095095095095,0.5309856001291823,1.1824618350450113,0.46707774281928527
0.5105105105105106,-0.12233752437840648,-0.7795812748910916,0.00038590404262728306
0.5115115115115115,-0.3093160613888112,-0.2694656853229303,-0.4268451400320924
0.5125125125125125,0.6828029171632292,-0.5236052697013788,0.8401855935882231
0.5135135135135135,-0.9278890272965729,-1.3248646678166565,-1.0220026415087622
0.5145145145145145,0.9984860718705068,-0.4852343180477273,1.0713943317844912
0.5155155155155156,-0.8813183121098321,-1.373568712336261,-0.8951546133079529
0.5165165165165165,0.5984190863908768,-0.7841741437315485,0.539953400983754
0.5175175175175175,-0.20298745202658705,-0.4129910627593619,-0.11906762086669126
0.5185185185185185,-0.2306158707425046,-1.171818927449124,-0.3586355319492094
0.5195195195195195,0.6208519948433862,0.9620400319273518,0.75256542970694
0.5205205205205206,-0.8943372131310585,-1.2222167913426834,-0.9943256177296048
0.5215215215215215,0.9996427676622288,1.9493967547514461,1.0739303085466108
0.5225225225225225,-0.916966001795984,-0.6936513358388554,-0.9323240530083409
0.5235235235235235,0.6618542398297261,2.0439535392017194,0.6062961105440177
0.5245245245245245,-0.2822811204736792,0.21988001891170622,-0.2107474000093963
0.5255255255255256,-0.1503748218139028,1.3216281910170427,-0.29807689379049385
0.5265265265265265,0.5547528543841848,0.9574897371746736,0.6710867948466508
0.5275275275275275,-0.8548098913070281,0.32942223423963846,-0.984217880363812
0.5285285285285285,0.9941203574899484,0.9580719097669186,1.075324042119818
0.5295295295295295,-0.9464869897347877,-0.31846122999091164,-0.9803449131651996
0.5305305305305306,0.7208672189245235,0.07552338499343536,0.6922354186091847
0.5315315315315315,-0.35968872964455717,-0.34439968524221476,-0.30152277748959566
0.5325325325325325,-0.06912904459487688,-1.2601065172106294,-0.20163291412944329
0.5335335335335335,0.48494713671766976,0.06444329168249896,0.5821808314606888
0.5345345345345345,-0.809571163340934,-2.2726471763548037,-0.9465066548491667
0.5355355355355356,0.9819557392975037,0.46829451854053805,1.0524820927007057
0.5365365365365365,-0.9696840316576631,-2.326068692818948,-1.0094100899311533
0.5375375375375375,0.7750637288794654,0.5453790799751924,0.7606549752231271
0.5385385385385385,-0.4346930811543021,-1.3452422701321807,-0.36446893640932265
0.5395395395395395,0.012578617838521646,0.33410733150062966,-0.09822505844910112
0.5405405405405406,0.41190124824409075,0.11695755491770582,0.5266935089714591
0.5415415415415415,-0.7589232914680862,0.1688215301145124,-0.896999140198065
0.5425425425425425,0.9632301908939426,1.2193795828501464,1.0486513795754877
0.5435435435435435,-0.9864021366956772,0.3692142401447829,-1.0460893470216688
0.5445445445445445,0.8240816561031704,1.3572817082403121,0.8357702151522713
0.5455455455455456,-0.5067930339682696,0.9331936154062446,-0.44637078095801863
0.5465465465465466,0.09420223632750785,0.5258207695448462,0.024531117684095105
0.5475475475475475,0.33610324454243695,1.4831996453647658,0.45762824169021865
0.5485485485485485,-0.7032046790807711,-0.7114227541174416,-0.8108466413294164
0.5495495495495496,0.9380688268961697,1.5255730878957678,1.0288659847738497
0.5505505505505506,-0.9965296029503262,-1.6129485190405868,-1.0552435383001506
0.5515515515515516,0.867593487667594,0.841369342839442,0.8794059628500681
0.5525525525525525,-0.5755068527697835,-1.7341049755466478,-0.5232525865288249
0.5535535535535535,0.17519644325162698,-0.2856692625292247,0.11336641115659662
0.5545545545545546,0.25805956942876,-1.167516634144884,0.3903855478910758
0.5555555555555556,-0.6427876096865563,-1.19458266080645,-0.7394316554348122
0.5565565565565566,0.9066397627769475,-0.4067950639173804,1.022126179975876
0.5575575575575575,-0.999998763828597,-1.2659857720225682,-1.0683079434292564
0.5585585585585585,0.9053084995825366,0.0420209202588927,0.9352674365051991
0.5595595595595596,-0.6403754266730032,-0.3550303194805372,-0.6206291264586274
0.5605605605605606,0.25502007640016994,0.009473871001969725,0.2052236623106425
0.5615615615615616,0.1782916711580089,1.0676037847239608,0.2845542018323428
0.5625625625625625,-0.5780757595004924,-0.27277948173380956,-0.6588379130309996
0.5635635635635635,0.8691529916021298,2.1819765326075102,0.9823893871215743
0.5645645645645646,-0.9967864401570283,-0.4163797291411697,-1.055522616431801
0.5655655655655656,0.9369746992674237,2.328768076443944,0.970224045349757
0.5665665665665666,-0.7009653367674857,-0.22443260632807155,-0.6942460430286818
0.5675675675675675,0.33313979474180094,1.4270772289031048,0.2726012859955649
0.5685685685685685,0.09733251836846224,0.1328498301853996,0.18034887644707842
0.5695695695695696,-0.5095015002839149,0.021627925093487987,-0.608746411385024
0.5705705705705706,0.8258589809635075,0.25414346211974914,0.9354386672714987
0.5715715715715716,-0.9869140950531684,-1.070327083820693,-1.0629528621689552
0.5725725725725725,0.9623805092365879,-0.1481945392649534,1.0146550072935496
0.5735735735735735,-0.7568717520048065,-1.2735987942633453,-0.7759189787777476
0.5745745745745746,0.4090336419407967,-0.9635502219139247,0.36471061730957577
0.5755755755755756,0.015723039057100856,-0.5895372111200858,0.059377571156161046
0.5765765765765766,-0.43752301045706204,-1.6926871589000674,-0.5355345359997856
0.5775775775775776,0.7770469994823286,0.45958493344848717,0.85455776275253
0.5785785785785785,-0.9704476905198401,-1.7713433093495303,-1.0473380578395095
0.5795795795795796,0.9813561807535466,1.2154985549686461,1.0291274890370485
0.5805805805805806,-0.807721134073833,-0.9889419975815626,-0.8227137767895669
0.5815815815815816,0.4821945338019854,1.3182116456828568,0.4475718223278682
0.5825825825825826,-0.06599149362643417,0.30317436241828444,-0.022483679525055034
0.5835835835835835,-0.36262121378194867,0.8927164474602176,-0.4645108528799562
0.5845845845845846,0.7230431840614838,1.3651797464828666,0.7976990299262563
0.5855855855855856,-0.947497246720455,0.3815979055641603,-1.0443471568897362
0.5865865865865866,0.9937749280054026,1.5295553613461554,1.0553100464842906
0.5875875875875876,-0.8531737331933498,0.17330792334321465,-0.8870546568198447
0.5885885885885885,0.5521336463529052,0.6455383907443413,0.5532924755391383
0.5895895895895896,-0.14726510462005585,0.3134163710646949,-0.11736629983236013
0.5905905905905906,-0.28529656607402526,-0.7983365655121903,-0.3528981566028526
0.5915915915915916,0.6642083608056812,0.5097641600437773,0.7230969046507032
0.5925925925925926,-0.9182161068803555,-1.9669835532967315,-1.0022057282552517
0.5935935935935935,0.9995537752217543,0.41335153468233854,1.0490294463373804
0.5945945945945946,-0.8929258581495766,-2.198936292056318,-0.9247193766441799
0.5955955955955956,0.6183836819161387,-0.053735907584834486,0.6249614592611171
0.5965965965965966,-0.22755476487587487,-1.4110904072423835,-0.18697228024704415
0.5975975975975976,-0.2060657114117917,-0.5881873637634407,-0.2577463768892564
0.5985985985985985,0.6009356341632963,-0.12445152140497373,0.6790199235714546
0.5995995995995996,-0.882799912724669,-0.7128409254019917,-0.9652534825236855
0.6006006006006006,0.9986541110764561,0.8946225658491993,1.0681276550400884
0.6016016016016016,-0.9267119054052441,-0.15676394521793824,-0.9790462701345624
0.6026026026026026,0.6805019913550879,1.126147039429592,0.7128722968686437
0.6036036036036035,-0.30632401960645983,0.8789718730452338,-0.28948906079267167
0.6046046046046046,-0.12545803018029683,0.5907701142980655,-0.14073858092945868
0.6056056056056056,0.5336477604022207,1.787725182015801,0.5993646608485987
0.6066066066066066,-0.8414852973001755,-0.2343327182413315,-0.8914661538675344
0.6076076076076076,0.9910819466690357,1.9380439582055302,1.0527790376532593
0.6086086086086087,-0.9543061337287463,-0.7911178336628693,-0.9959858117829414
0.6096096096096096,0.7380735316322554,1.1165135199871152,0.7593025690511053
0.6106106106106106,-0.3830465726031565,-0.8257409955321149,-0.370722583997877
0.6116116116116116,-0.044012102022509214,-0.28100457939758794,-0.06931311906887636
0.6126126126126126,0.4627943229675146,-0.5127284750411862,0.5317618388042242
0.6136136136136137,-0.7945483039123854,-1.4614694855450892,-0.85306179233279
0.6146146146146146,0.9768878753614967,-0.2513601660637119,1.0571526421370712
0.6156156156156156,-0.975524172481809,-1.7254831917515523,-1.0372890307036031
0.6166166166166166,0.7907136389149402,-0.310271604220382,0.8343695361965534
0.6176176176176176,-0.4572098026789555,-0.9147184311915308,-0.4824487999394755
0.6186186186186187,0.03772789267869003,-0.6015131258190823,0.032019237353735575
0.6196196196196196,0.388848728591519,0.4841430968866192,0.4185524355211204
0.6206206206206206,-0.74230254174563,-0.7588015471434468,-0.7802906622094259
0.6216216216216216,0.9561667347392938,1.6498123026750073,1.013137248125811
0.6226226226226226,-0.9902242534911619,-0.45805208945692066,-1.0329524714036402
0.6236236236236237,0.8380705987052686,1.9433504099596048,0.8705728416212997
0.6246246246246246,-0.5283181887460188,0.27176162089663947,-0.5452990562374205
0.6256256256256256,0.1192158087360204,1.2885773581074804,0.0989924817690393
0.6266266266266266,0.3123050442317456,1.0003135448456701,0.34230429918834915
0.6276276276276276,-0.6850970904838958,0.17294161015347664,-0.745401931851171
0.6286286286286287,0.9290569729543798,1.1712461597351762,0.995188615664452
0.6296296296296297,-0.9983081582712588,-0.7112051724832325,-1.066476305690904
0.6306306306306306,0.8798279958164057,0.5164331569776955,0.9386925267314121
0.6316316316316316,-0.5958966206337649,-0.9242196508076088,-0.6424851243627367
0.6326326326326326,0.19990718522452935,-0.693686351547679,0.21224027281824065
0.6336336336336337,0.2336746959641958,-0.5224386720463874,0.22717298786243356
0.6346346346346347,-0.6233141679382616,-1.7653987569895633,-0.6576431358370263
0.6356356356356356,0.8957397236853323,0.059766364099592795,0.9268012219759858
0.6366366366366366,-0.9997218742703955,-2.0100572160822585,-1.0472165495705137
0.6376376376376376,0.9157068285000981,0.37492271557959156,0.9530996498314618
0.6386386386386387,-0.6594935735358471,-1.2048066098471357,-0.6842369144316044
0.6396396396396397,0.27926288329265686,0.2922830425564214,0.28174707338338667
0.6406406406406406,0.15348305189628406,0.23197164443154564,0.16986146326938328
0.6416416416416416,-0.5573665762617951,0.05264683362004963,-0.604678391160575
0.6426426426426426,0.8564375958935007,1.4822654232068104,0.9109936589644222
0.6436436436436437,-0.9944559557552735,0.02376781820907592,-1.066558049345713
0.6446446446446447,0.9454673725938386,1.8362094448932196,1.0132852387285485
0.6456456456456456,-0.718684124868405,0.35922764524674666,-0.7746950191317037
0.6466466466466466,0.3567526884139447,1.132122353327857,0.400244003160911
0.6476476476476476,0.07226591192078197,0.8349706743872585,0.05707137163210341
0.6486486486486487,-0.4876949438137076,-0.16029410573080238,-0.4915581882771313
0.6496496496496497,0.8114131864628493,1.0011043618992506,0.8342766971658767
0.6506506506506506,-0.982545586922644,-1.2607204498564792,-1.0199670161165442
0.6516516516516516,0.9689107832360994,0.5435221305142675,1.0055437645438081
0.6526526526526526,-0.7730727933885156,-1.5791121345087973,-0.803581621659254
0.6536536536536537,0.43185885301331595,-0.41884740911243423,0.44838003521220715
0.6546546546546547,-0.00943407222580178,-1.0600388654303257,0.0006251324236778988
0.6556556556556556,-0.4147647811055986,-1.3418306566033082,-0.44237233935331577
0.6566566566566566,0.7609673256617316,-0.1537272801701587,0.8148192711355533
0.6576576576576576,-0.9640703468162076,-1.5928986039189061,-1.0296591960422226
0.6586586586586587,0.9858804234473787,0.5391457492154598,1.0585763222052802
0.6596596596596597,-0.8222961815988147,-0.8960179001568732,-0.8904532871278534
0.6606606606606606,0.5040795557912329,0.681857742610605,0.5604081059205843
0.6616616616616616,-0.0910710226864199,0.43114343323111004,-0.12429920780021708
0.6626626626626626,-0.3390633704949927,0.3843752249108665,-0.32379211923852147
0.6636636636636637,0.7054370671459519,1.632747823360412,0.71768942925445
0.6646646646646647,-0.9391536776198068,0.04586862574288675,-0.962294281519437
0.6656656656656657,0.9962629106985346,1.9791928819450315,1.0314152753991324
0.6666666666666666,-0.8660254037843799,-2.537969834293108e-13,-0.896512489958624
0.6676676676676676,0.5729322546418288,1.23711209227354,0.5929632810436675
0.6686686686686687,-0.1720994827640495,0.24349616018281198,-0.1722032668986043
0.6696696696696697,-0.26109651041209747,-0.17165577562114967,-0.28375248646632467
0.6706706706706707,0.645193435938789,0.45491544934031275,0.6911918217642239
0.6716716716716716,-0.9079620598796471,-1.4328999371431417,-0.9720049174448968
0.6726726726726726,0.9999888744757124,0.28387035317852116,1.074643479391484
0.6736736736736737,-0.9039682834620087,-1.8514026297202721,-0.9789790863031305
0.6746746746746747,0.6379569107530098,-0.31912377643857415,0.7038453873516182
0.6756756756756757,-0.251978061384885,-1.2719362625701414,-0.2995542892965256
0.6766766766766766,-0.18138513587278524,-0.9987327731690046,-0.1553545003648662
0.6776776776776777,0.5806389494286256,-0.13771204566969086,0.5781725973346971
0.6786786786786787,-0.8707039001651965,-1.217505786934779,-0.8869046380762999
0.6796796796796797,0.9970334197786923,0.8354028197374177,1.0244174538345945
0.6806806806806807,-0.9358713055537613,-0.6578075749535505,-0.9647776314751253
0.6816816816816816,0.6987190623521817,1.132277952181587,0.7201181611870744
0.6826826826826827,-0.33017305040091194,0.49151654883404816,-0.3315239928471828
0.6836836836836837,-0.10046183785220368,0.735397526754251,-0.11703624560455661
0.6846846846846847,0.5122049279532445,1.5918029835643877,0.5579370081311992
0.6856856856856857,-0.8276281386028811,0.060113901180103846,-0.8885550299016963
0.6866866866866866,0.9874162934568135,1.9440631784302034,1.0643503123375226
0.6876876876876877,-0.9615213102471135,-0.39572542017536594,-1.040450504091492
0.6886886886886887,0.7548127275606945,1.2582522494343396,0.8262691787092115
0.6896896896896897,-0.40616199055442925,-0.4164735425586904,-0.4610033868769297
0.6906906906906907,-0.018867304784629852,-0.12190974121132414,0.016686299331294924
0.6916916916916916,0.44034861293486927,-0.18328176901513515,0.4337672711699556
0.6926926926926927,-0.779022585583453,-1.4061949412290886,-0.7854335625352876
0.6936936936936937,0.9712017522703893,-0.07175328021827942,0.9977467757395004
0.6946946946946947,-0.9807469172200064,-1.845602392548314,-1.0066499941770908
0.6956956956956957,0.8058631169574998,-0.3054435944585018,0.8246961689139355
0.6966966966966966,-0.479437162288657,-1.2010755485817874,-0.4853303961763229
0.6976976976976977,0.06285329004441978,-0.7431555449216942,0.042052805595620635
0.6986986986986987,0.36555011182538455,0.1166919800747919,0.40753502698321153
0.6996996996996997,-0.7252119987604427,-0.9725762448911899,-0.7877668106245501
0.7007007007007007,0.9484981335598527,1.3245016690919853,1.0276427734307385
0.7017017017017017,-0.9934196707177766,-0.6460330681758758,-1.0739174484707035
0.7027027027027027,0.8515291377333333,1.768771340357305,0.9241617704038476
0.7037037037037037,-0.5495089780707445,0.1976970571468979,-0.6127531304957998
0.7047047047047047,0.1441539310677711,1.3152889282000895,0.1725603956245525
0.7057057057057057,0.2883091902725136,1.0839889979322537,0.26930348531204806
0.7067067067067067,-0.6665559131825158,0.37734936440278855,-0.6822549079511517
0.7077077077077077,0.9194571313902373,1.3903360727748868,0.9403294285915258
0.7087087087087087,-0.9994548978290628,-0.41184461558208596,-1.027758087040839
0.7097097097097097,0.8915056726982454,0.7852589440102762,0.9118907697239372
0.7107107107107107,-0.6159092535670216,-0.635691924646688,-0.6217195371175931
0.7117117117117117,0.22449140863726463,-0.49366414343732384,0.20034404270453782
0.7127127127127127,0.20914193293754474,-0.33336454892587103,0.24549330993728585
0.7137137137137137,-0.6034462390634999,-1.7374135474848127,-0.6772042653495609
0.7147147147147147,0.8842727830088749,0.10704792219818204,0.957476116220392
0.7157157157157157,-0.9988122742272849,-2.196633483743924,-1.084301344350936
0.7167167167167167,0.9255256189215978,0.294674161287928,1.001260090261546
0.7177177177177178,-0.6781943358145929,-1.566717882567414,-0.7327126032552373
0.7187187187187187,0.3033289484746379,0.14715325029575707,0.33692621258019123
0.7197197197197197,0.12857729528197154,-0.19908019427312978,0.11964787093950802
0.7207207207207207,-0.5363046432375675,-0.06796576269354276,-0.5585241892702237
0.7217217217217217,0.8431801723864024,1.1101288032853545,0.865759827943073
0.7227227227227228,-0.9914960935973842,0.015356411859154928,-1.0321377673541154
0.7237237237237237,0.9533616723773958,1.6179482714540205,0.9765347739264189
0.7247247247247247,-0.7359480674839498,0.5204571992050957,-0.740401167075583
0.7257257257257257,0.3801397981234903,1.0901025841894865,0.36802794830971153
0.7267267267267267,0.04715356935253601,1.1717434868643122,0.09884139353767529
0.7277277277277278,-0.46557973179406226,-0.08294871567025508,-0.5289635211810191
0.7287287287287287,0.7964538595049333,1.4613694112726046,0.8792816506580156
0.7297297297297297,-0.977555238947712,-1.172736707540759,-1.0629750858293945
0.7307307307307307,0.9748278466744811,1.0311561248455579,1.0489738532281934
0.7317317317317317,-0.788784567432414,-1.5941345542786527,-0.8378844578949423
0.7327327327327328,0.4544107464448645,-0.010862806957180615,0.49043462392349163
0.7337337337337337,-0.0345852128116873,-1.2519141199997244,-0.01646250184921838
0.7347347347347347,-0.39174405272062335,-1.0890641124756542,-0.40349687077850227
0.7357357357357357,0.7444060458885083,-0.5319756729991297,0.8008840281158544
0.7367367367367368,-0.9570828559982772,-1.505178380172,-0.9951354588703555
0.7377377377377378,0.9897807157237638,0.026982181780472625,1.0280410307603036
0.7387387387387387,-0.836350808965762,-0.9081903693133706,-0.8496254870910929
0.7397397397397397,0.5256455526312004,0.1262074078458975,0.5127075660574306
0.7407407407407407,-0.11609291412497501,0.4359167614603089,-0.0646734623681049
0.7417417417417418,-0.31529093857542445,-0.1199991881205753,-0.37508647129167605
0.7427427427427428,0.6873844886291345,1.7748709727317624,0.7848654414625352
0.7437437437437437,-0.9302157308286589,-0.3391943120371097,-1.0084389427630918
0.7447447447447447,0.9981203720381301,2.3305224218652465,1.0760139069671801
0.7457457457457457,-0.8783289785826957,-0.24474509178651338,-0.9321817993580346
0.7467467467467468,0.5933682618375874,1.7890905402728476,0.6044612187032792
0.7477477477477478,-0.196824941467552,0.10719154709732284,-0.1885743433077892
0.7487487487487487,-0.23673121029172314,0.4956748934876447,-0.2817171273640019
0.7497497497497497,0.6257701768519308,0.35158911484492855,0.6896027822162925
0.7507507507507507,-0.8971333759424359,-0.7747619291914553,-0.952884905711817
0.7517517517517518,0.9997910942639249,0.11748131361379144,1.0566513747176205
0.7527527527527528,-0.9144385994451446,-1.3127999257265728,-0.9389634023154072
0.7537537537537538,0.6571263852690621,-0.6330414573588359,0.6425615981786603
0.7547547547547547,-0.2762418843788021,-0.9042385383415557,-0.24574680030980156
0.7557557557557557,-0.1565897641287271,-1.5007389965249518,-0.24253990998622732
0.7567567567567568,0.5599747861376448,0.08378180103079647,0.6389035540402345
0.7577577577577578,-0.8580568308557776,-1.8840855884954588,-0.9551651247350739
0.7587587587587588,0.994781719482615,0.9961438385445851,1.0717681316679917
0.7597597597597597,-0.9444384053807701,-1.4043744732501717,-0.9947728721758635
0.7607607607607607,0.7164939234827363,1.3407569982140413,0.7245129385559312
0.7617617617617618,-0.35381311912638036,-0.21866280031814217,-0.34103944490777854
0.7627627627627628,-0.07540206458269914,1.081025617474492,-0.15266567856402768
0.7637637637637638,0.49043792791658314,1.0196461014675504,0.5472616221852129
0.7647647647647647,-0.8132471852237765,0.583199123486141,-0.9138687956741333
0.7657657657657657,0.9831257177957806,1.552328904883068,1.0407679282324127
0.7667667667667668,-0.968127952902156,0.2865337499588023,-1.0111618022888844
0.7677677677677678,0.7710742126986011,1.0087310778942438,0.7739218485987438
0.7687687687687688,-0.4290203540622521,0.3584601977939797,-0.3895583285238415
0.7697697697697697,0.006289433315642483,-0.33437414524548104,-0.07185506088359639
0.7707707707707707,0.4176242122067518,0.5934097698665759,0.5027833303244721
0.7717717717717718,-0.7630038343716576,-1.7094974276005523,-0.8760149905485659
0.7727727727727728,0.9649009686947626,0.620610819886857,1.0403746918057286
0.7737737737737738,-0.9853489604676202,-2.335333311037906,-1.0430363730427452
0.7747747747747747,0.820502575106904,0.24876934737879963,0.8408843339566504
0.7757757757757757,-0.5013610925874249,-1.9000275810536533,-0.45793895026555687
0.7767767767767768,0.08793890841096423,-0.3296408775322288,0.03323417479452501
0.7777777777777778,0.3420201433256552,-0.7337801682531068,0.44527879846894425
0.7787787787787788,-0.7076624788867365,-0.6466255287284082,-0.8059853849154818
0.7797797797797797,0.9402292407098327,0.4334477457763416,1.0249319960560446
0.7807807807807807,-0.995986366039095,-0.31323518275248985,-1.055858511422727
0.7817817817817818,0.8644487554598684,0.9532979640847894,0.8816478369667659
0.7827827827827828,-0.5703519905776253,0.6410216376039757,-0.5267589899313465
0.7837837837837838,0.16900082032162803,0.6504269185435124,0.11536029423736482
0.7847847847847848,0.26413086931671476,1.7104127464839807,0.3864005072580541
0.7857857857857857,-0.6475928816377411,-0.12853937275288108,-0.7382463538845248
0.7867867867867868,0.9092753778138423,2.208474517935251,1.016034246902734
0.7877877877877878,-0.9999690958677451,-0.8142313581015529,-1.0614043695863158
0.7887887887887888,0.9026191276689823,1.730596825062937,0.9228309150001116
0.7897897897897898,-0.6355320858440267,-1.0280235931152937,-0.6026682900162581
0.7907907907907907,0.24893355446655155,0.46339150023904685,0.18576003589757367
0.7917917917917918,0.18447680680372758,-0.8113360433869704,0.3085615663341984
0.7927927927927928,-0.583196397206377,-0.8883198901325307,-0.678174239144278
0.7937937937937938,0.872246198019494,-0.5224934196647146,0.9976922884138124
0.7947947947947948,-0.9972705393728591,-1.527813926067594,-1.0625584362755203
0.7957957957957957,0.9347586566670634,-0.5031865400169546,0.9651340816708369
0.7967967967967968,-0.6964658780491249,-1.0706848342402402,-0.6814473143962494
0.7977977977977978,0.32720304085774965,-0.7829730725857215,0.25138325462964606
0.7987987987987988,0.10359016383260355,0.20886339238253437,0.20530384675954416
0.7997997997997998,-0.5149032902410308,-1.052992458935412,-0.6271418823538106
0.8008008008008007,0.8293891115251624,1.55500350218058,0.9491188450381413
0.8018018018018018,-0.9879087269401828,-0.929687451072396,-1.0587340641488943
0.8028028028028028,0.9606526024223435,2.211170162483376,0.9949602965993898
0.8038038038038038,-0.7527462384977823,-0.30329116279259927,-0.7422129944386595
0.8048048048048048,0.4032863224838439,1.8834418679299325,0.3141100257899285
0.8058058058058059,0.02201138392626589,0.5068725480493698,0.11019807117034308
0.8068068068068068,-0.4431698606440603,0.884465703360234,-0.5870795363791627
0.8078078078078078,0.7809904676460857,0.93092167735528,0.8937813200677555
0.8088088088088088,-0.9719462094522707,-0.1196929572491493,-1.0670447121324846
0.8098098098098098,0.9801279547221675,0.5520803333645514,1.0277166526735955
0.8108108108108109,-0.8039971303669797,-0.5671975722782763,-0.8017065810359602
0.8118118118118118,0.47667504944618394,-0.5520308226046013,0.4022674823788689
0.8128128128128128,-0.05971446488304497,-0.342109167895052,0.019410444557945383
0.8138138138138138,-0.36847539481029956,-1.791403543167939,-0.5187494576134302
0.8148148148148148,0.7273736415733207,0.22146935980809745,0.8256608470513503
0.8158158158158159,-0.9494896403547599,-2.41002625709993,-1.0589088250588328
0.8168168168168168,0.9930545891403474,0.6455236553103492,1.0386859438924128
0.8178178178178178,-0.8498761211906543,-1.9776407919441856,-0.8428677134167877
0.8188188188188188,0.5468788754932893,0.6795866609963177,0.4862144294153028
0.8198198198198198,-0.14104133192463017,-0.6935665987378373,-0.040756992311656415
0.8208208208208209,-0.29131896327571966,0.4602284076948155,-0.43756615527245485
0.8218218218218218,0.6688968737443904,0.7134391665476263,0.7844149917430899
0.8228228228228228,-0.9206890630528461,0.3519234885518765,-1.0478612261812226
0.8238238238238238,0.99934613646197,1.4338585909221386,1.0596865285339783
0.8248248248248248,-0.8900766708218203,0.6068026211271683,-0.8981545750327172
0.8258258258258259,0.6134287342666018,1.081213413527395,0.5807915440492245
0.8268268268268268,-0.22142583232159405,1.1174164541560023,-0.11317491034830551
0.8278278278278278,-0.21221608618280804,-0.08087953667845818,-0.3252191557053898
0.8288288288288288,0.6059508762637036,1.465189089010565,0.7372110889691972
0.8298298298298298,-0.8857369083965682,-1.3320292833180076,-0.9999848426954586
0.8308308308308309,0.9989605597588261,1.2407619274651598,1.0632175462611086
0.8318318318318318,-0.9243301795771883,-1.9685234800921232,-0.9373641426057004
0.8328328328328328,0.6758799733625296,0.3988274111180936,0.6438801014598136
0.8338338338338338,-0.3003308776116636,-1.733962078460361,-0.18418025813985728
0.8348348348348348,-0.13169528883605386,-0.6303994640291293,-0.23483526465578336
0.8358358358358359,0.5389562223601048,-0.9266267630904363,0.6997453111541332
0.8368368368368369,-0.8448667089559304,-1.1832098587466202,-0.9547140762942159
0.8378378378378378,0.9919004352588894,-0.1358690451391329,1.0825902828388514
0.8388388388388388,-0.9524077828843168,-0.8098334157602964,-0.9842168299234173
0.8398398398398398,0.7338153252765037,0.18446056889401108,0.7114019570460481
0.8408408408408409,-0.37722926430256803,0.382616144406766,-0.2863932105349199
0.8418418418418419,-0.0502945703634722,-0.0018089149483700648,-0.1460926417754599
0.8428428428428428,0.46836053633265556,1.7453763049357307,0.6256081603768557
0.8438438438438438,-0.7983515386746091,-0.3611417047326373,-0.8962050724863411
0.8448448448448448,0.9782129351332552,2.474085388105531,1.0799142056133142
0.8458458458458459,-0.9741218804387105,-0.5057482063141463,-1.0069976859579146
0.8468468468468469,0.7868476953715888,2.119148721966846,0.7603798316750745
0.8478478478478478,-0.4516071963765874,-0.32116601880955475,-0.38119167476398447
0.8488488488488488,0.031442190918887704,0.8799190048720207,-0.08717132243111037
0.8498498498498498,0.3946355027495522,-0.052165291368235556,0.5382899944520142
0.8508508508508509,-0.7465021883280583,-0.5174319892967576,-0.8661848074520423
0.8518518518518519,0.9579895123155899,-0.08392334226137632,1.0720306898646925
0.8528528528528528,-0.9893273896534585,-1.2787549984014772,-1.0407597931274333
0.8538538538538538,0.8346227482477464,-0.5919266476828904,0.8256904754519843
0.8548548548548548,-0.5229677182154004,-1.0321786282835395,-0.4831171890909546
0.8558558558558559,0.11296887142916709,-1.3398790948608592,-0.008720177598969814
0.8568568568568569,0.31827371489254375,-0.028586947114327466,0.4251381475300576
0.8578578578578578,-0.6896650889783605,-1.799682397294601,-0.8237069380029277
0.8588588588588588,0.9313652894600286,1.0660961147440098,1.0297828431213432
0.8598598598598598,-0.9979227150282196,-1.5263902086688617,-1.0537710641231801
0.8608608608608609,0.8768212752330307,1.6272506801465803,0.8766095833705989
0.8618618618618619,-0.590834035005842,-0.5207355620608607,-0.549632479752434
0.8628628628628628,0.19374075123686624,1.4574520325690232,0.07405125889829556
0.8638638638638638,0.2397853834981,0.6973167354030724,0.34084176345591916
0.8648648648648649,-0.6282199972954933,0.8489623362788258,-0.7836500016171962
0.8658658658658659,0.8985181561199337,1.3850675108251238,0.99595131945802
0.8668668668668669,-0.9998504269583011,0.3082718853325428,-1.0801153787603526
0.8678678678678678,0.9131613271728274,1.0602646986557103,0.936263373206337
0.8688688688688688,-0.6547526984395304,0.1653900169453325,-0.623012602592909
0.8698698698698699,0.27321815360831303,-0.15655939971586963,0.18810885374318204
0.8708708708708709,0.1596949277875959,0.358537620352006,0.25611788738164
0.8718718718718719,-0.5625774582183836,-1.5847096409362134,-0.7037101482700031
0.8728728728728729,0.8596675801808874,0.5404471830245621,0.9487096749933026
0.8738738738738738,-0.9950976454502825,-2.3971109859948347,-1.081875754737959
0.8748748748748749,0.9434000982715631,0.40633769586426594,0.9693868969500795
0.8758758758758759,-0.714296636427061,-2.137021677190253,-0.6809891981031471
0.8768768768768769,0.35087005085106293,-0.021788830566487227,0.28851042469721805
0.8778778778778779,0.07853747156584304,-0.9964268739369869,0.19520381703895662
0.8788788788788788,-0.49317606189952845,-0.38351190678709074,-0.6153783685069669
0.8798798798798799,0.8150731414862334,0.3246909990161004,0.9268644340694938
0.8808808808808809,-0.9836961261796628,-0.25984744979809693,-1.0789635631336219
0.8818818818818819,0.9673355483972442,1.0761354366876204,1.012881575042586
0.8828828828828829,-0.7690680065742722,0.46424261787221177,-0.7569221835016696
0.8838838838838838,0.42617761237206203,0.9210118566655561,0.3929826236098434
0.8848848848848849,-0.003144732207890282,1.438337795758567,0.10827598729989218
0.8858858858858859,-0.4204795132693858,0.1011277990694468,-0.5068357543377202
0.8868868868868869,0.7650327974579397,2.0320743593219954,0.8857748594242396
0.8878878878878879,-0.9657220483154637,-0.7851647448309067,-1.0443390875525778
0.8888888888888888,0.9848077530121545,1.7598405982300918,1.0332039697419195
0.8898898898898899,-0.8187008543657152,-1.214750555523611,-0.8171901129071351
0.8908908908908909,0.498637671240918,0.6506145848085534,0.461149516289869
0.8918918918918919,-0.08480592447553614,-1.0705452794798151,0.016319014710926893
0.8928928928928929,-0.344973533794887,-0.7104856560624605,-0.43137147318545
0.8938938938938938,0.7098808922945723,-0.6510909970652321,0.8430559120616019
0.8948948948948949,-0.9412955055295344,-1.5225749988756974,-1.0238566446888693
0.8958958958958959,0.9956999717068395,-0.3805235718733444,1.065853044540714
0.8968968968968969,-0.8628635582857677,-1.2775622064067211,-0.8878269477070184
0.8978978978978979,0.5677660860945336,-0.45591393572568284,0.5414410810139277
0.8988988988988988,-0.16590048656861492,-0.09742728631964245,-0.10540551440396644
0.8998998998998999,-0.26716261613450976,-0.7033903887239445,-0.34865786585396
0.9009009009009009,0.6499859230538981,1.3312473715301683,0.7590679842605006
0.9019019019019019,-0.9105797035921261,-0.7471780147108695,-0.9855968047561356
0.9029029029029029,0.9999394282002925,2.186970512486731,1.0701977031027428
0.9039039039039038,-0.9012610455457496,-0.35338938770254835,-0.9268005666022084
0.9049049049049049,0.6331009759269113,2.0231499849715604,0.606599828198537
0.9059059059059059,-0.24588658575363054,0.32635594415983415,-0.20352852958394763
0.9069069069069069,-0.18756665337595,1.0228263308746575,-0.28535555873669827
0.9079079079079079,0.5857480775422105,0.815188308901412,0.6776662217957149
0.9089089089089089,-0.8737798699128968,-0.15924074936770438,-0.9707872416367368
0.9099099099099099,0.9974977965945163,0.6504605020513763,1.07578346142621
0.9109109109109109,-0.9336367636108023,-0.8437148611406996,-0.9790503112864133
0.9119119119119119,0.6942058061407149,-0.240005526441328,0.6931059301098376
0.9129129129129129,-0.32422979548403646,-0.7510270231744216,-0.30847053311792394
0.9139139139139139,-0.10671746537159929,-1.411675926286555,-0.18897362943937712
0.914914914914915,0.5175965604619897,-0.12270414476615887,0.5766277513734748
0.9159159159159159,-0.8311418823157036,-2.1460747197562986,-0.9277898049839994
0.9169169169169169,0.9883913906335277,0.5170282681035654,1.0488436060938522
0.9179179179179179,-0.9597743943531191,-1.9175834465239308,-1.0034519557774386
0.9189189189189189,0.7506723052526335,0.7635019449997551,0.7576220726023729
0.91991991991992,-0.4004066661677803,-0.7681104567987787,-0.3760889562660844
0.9209209209209209,-0.025155245389744365,0.599238488592028,-0.09465321863876353
0.9219219219219219,0.4459867256853059,0.6781372021091789,0.5121959889638711
0.9229229229229229,-0.7829506262085534,0.34370185810707465,-0.8860947000742069
0.9239239239239239,0.9726810547032734,1.587517960339867,1.0431647550803462
0.924924924924925,-0.9794992993811323,0.3452155364164492,-1.0433390692933133
0.9259259259259259,0.8021231927548859,1.4387189002267409,0.837234570056695
0.9269269269269269,-0.4739082225903088,0.6661540019310559,-0.46495804004198904
0.9279279279279279,0.05657504918329764,0.34841592679867456,0.0294587744082091
0.9289289289289289,0.3713970338079244,1.0119960816307365,0.42823972764502205
0.92992992992993,-0.7295280911223744,-1.0142310743298089,-0.801683081929867
0.9309309309309309,0.9504717573001613,0.9651380051600499,1.0101684238874478
0.9319319319319319,-0.9926796868835144,-1.8622412206571881,-1.0487121515705093
0.9329329329329329,0.8482146999125951,0.34717785791095446,0.8771632957781059
0.933933933933934,-0.5442433646317261,-1.780279968615977,-0.5332593368794452
0.934934934934935,0.13792733797248755,-0.5741103299062205,0.11767904511485061
0.9359359359359359,0.29432585531933514,-0.9466400437265521,0.3649727591402694
0.9369369369369369,-0.6712312193411983,-1.211746401379252,-0.7356744881534814
0.9379379379379379,0.9219118896853363,0.04239882744513379,1.0032529093238094
0.938938938938939,-0.9992274921960725,-1.0543088507377993,-1.0673335441166851
0.93993993993994,0.8886388666523268,0.6016192402489482,0.939273835816732
0.9409409409409409,-0.6109421485454612,-0.05546409089665738,-0.6298416356539364
0.9419419419419419,0.21835806624435805,0.5311479648953905,0.22414240716605366
0.9429429429429429,0.21528814074526872,1.2697421433963947,0.26005226101767853
0.943943943943944,-0.6084495209942733,0.08497807370375532,-0.6417343643452761
0.944944944944945,0.8871922744085852,2.134997360709239,0.9561151507807037
0.9459459459459459,-0.9990989662046943,-0.28677970337240444,-1.0458871523239548
0.9469469469469469,0.9231255991942392,1.981545034704594,0.9639880373154015
0.9479479479479479,-0.6735589268868079,-0.30819164726530723,-0.6915002621253596
0.948948948948949,0.2973298366672042,0.8529567936353148,0.2883014841473235
0.94994994994995,0.13481198000689096,-0.07667035415859061,0.17363407488049662
0.950950950950951,-0.5416024715483563,-0.6129349640250344,-0.5907683706833018
0.9519519519519519,0.8465448903301064,0.05227653233170626,0.9232460488491399
0.9529529529529529,-0.9922949676548668,-1.5780261132776556,-1.0573521486619581
0.953953953953954,0.951444474683219,-0.2052822716862771,1.0145300539957849
0.954954954954955,-0.7316753261015384,-1.5256245737462635,-0.7803009774242229
0.955955955955956,0.3743149999239322,-0.7825693189163638,0.38819562609335034
0.9569569569569569,0.05343507399349324,-0.5661382118246854,0.05021541858006695
0.9579579579579579,-0.4711367090833042,-1.2625305749727347,-0.5015620915789853
0.958958958958959,0.8002413226541597,0.6676026111213816,0.8412189838648396
0.95995995995996,-0.9788609574138821,-1.1756772726577251,-1.0249613328880613
0.960960960960961,0.9734062807560052,1.450580482245396,1.018653414726603
0.9619619619619619,-0.7849030418861986,-0.3822623078122908,-0.8163846759115985
0.9629629629629629,0.44879918020026527,1.4219324446189157,0.4530056890812886
0.963963963963964,-0.02829885808300957,0.7526284912665029,-0.02165323477667147
0.964964964964965,-0.39752305008391,0.7645312758584537,-0.4445038239567205
0.965965965965966,0.7485909483352159,1.5452516127763511,0.7985343698571884
0.9669669669669669,-0.9588866947247144,0.009348456565658747,-1.029905397082927
0.9679679679679679,0.9888642797634184,1.436095982063043,1.0558907415807628
0.968968968968969,-0.8328864336407711,-0.3704581236125275,-0.8921029938494411
0.96996996996997,0.5202847119812825,0.39008734256092603,0.5602140408235702
0.970970970970971,-0.109843711542266,-0.2750787287114542,-0.13399665410466693
0.9719719719719719,-0.3212533436842608,-1.0324405483195431,-0.3323241598143153
0.9729729729729729,0.691938868977883,0.013930769304150936,0.7077307490985202
0.973973973973974,-0.9325056374796713,-2.002422363728517,-0.9768965006946948
0.974974974974975,0.997715189196245,0.1145834413112421,1.0354518921459732
0.975975975975976,-0.8753049006777496,-1.9409122773745624,-0.9125035523669354
0.9769769769769769,0.5882939652004218,-0.11730914965017902,0.6108958805833703
0.9779779779779779,-0.19065464503270887,-0.8870557625767811,-0.19028982077441725
0.978978978978979,-0.24283718537883017,-0.4597156532208161,-0.26574901916650084
0.97997997997998,0.6306636050426648,0.5305908450381488,0.6737962966088666
0.980980980980981,-0.8998940505233299,-0.5074192664691893,-0.9638172071528828
0.9819819819819819,0.9998998717667541,1.4985958588115962,1.0679788892463324
0.9829829829829829,-0.9118750243149278,-0.026164443462983855,-0.9799837923164689
0.983983983983984,0.6523725365216801,1.5266747659690376,0.7123284952264384
0.984984984984985,-0.270191720883749,0.800317819554903,-0.3049491599281071
0.985985985985986,-0.16279851216546667,0.7237616263007047,-0.14189726235771216
0.986986986986987,0.5651745667656118,1.4377565154181642,0.5746516364524235
0.9879879879879879,-0.861269827939309,-0.3269202286482863,-0.8837585246876805
0.988988988988989,0.9954037305340165,1.3595038566820614,1.0307798690587586
0.98998998998999,-0.9423524615341898,-0.9863088474906825,-0.9786049126869515
0.990990990990991,0.7120922854308337,0.4481712280622128,0.7399158472748201
0.991991991991992,-0.3479235126941327,-0.9713726225275556,-0.3571360164899833
0.992992992992993,-0.08167210186325598,-0.8563974891234136,-0.0911813032561144
0.993993993993994,0.49590931868433535,-0.48284996320802015,0.5335085422471879
0.994994994994995,-0.8168910371930672,-1.7933130163451814,-0.8705481694205833
0.995995995995996,0.9842568064333985,0.013948385410549546,1.0546065050104287
0.996996996996997,-0.96653357755791,-1.7619553118568088,-1.039891968104174
0.997997997997998,0.7670541948556339,0.16932657726231304,0.8349454655429843
0.998998998998999,-0.42333065605627335,-0.7279296813318942,-0.4766291222248851
1.0,-1.763738983026824e-13,-4.291608050270669e-13,0.033177864533412045
